swim,unless
prepare,climb
time,five
born,unit
dirty,liquid
sister,hour
determine,minerals
matter,fifth
division,universe
stranger,that
bare,hill
teeth,close
composed,stopped
animal,result
struggle,mud
breath,bound
tool,window
dress,house
near,keep
thing,letter
factor,mistake
constantly,bat
steel,captain
purpose,cattle
tea,event
feet,spell
use,edge
found,thumb
rabbit,composition
wave,mud
tribe,slabs
dangerous,trick
nothing,meat
produce,inch
regular,something
promised,full
appropriate,fish
tank,mean
colony,describe
shelter,girl
wall,bow
respect,farm
catch,shut
south,within
stepped,act
found,alike
sunlight,highest
image,frighten
experience,flight
want,smallest
proper,possibly
seven,poor
stand,harder
known,famous
break,brother
improve,wolf
merely,saddle
pink,these
tune,characteristic
magnet,belt
spread,made
upon,bone
lost,proper
increase,policeman
think,than
through,alive
monkey,writing
reach,orange
education,basis
saved,fastened
advice,see
steam,notice
sick,pony
ring,clothing
discovery,distance
exchange,citizen
spend,check
meat,became
similar,voyage
range,willing
voice,pleasant
seed,our
frame,eager
ill,journey
public,constantly
wide,who
love,widely
forgot,shinning
here,horn
main,nodded
ate,rate
question,struck
report,government
promised,highest
final,decide
anywhere,transportation
actual,old
college,picture
reach,hill
burst,edge
while,correct
women,money
other,behavior
way,fill
heading,beneath
ice,whistle
finish,bowl
express,energy
pie,those
percent,everybody
grandmother,tone
image,family
between,automobile
fighting,time
therefore,finally
bottle,port
feathers,volume
